<?xml version="1.0" encoding="UTF-8"?>
<!DOCTYPE mapper PUBLIC "-//mybatis.org//DTD Mapper 3.0//EN" "http://mybatis.org/dtd/mybatis-3-mapper.dtd">
<mapper namespace="com.cmb.dal.dao.ActiveActivityMapper">
  <resultMap id="BaseResultMap" type="com.cmb.dal.entity.ActiveActivity">
    <id column="id" jdbcType="INTEGER" property="id" />
    <result column="user_id" jdbcType="INTEGER" property="userId" />
    <result column="activity_id" jdbcType="INTEGER" property="activityId" />
    <result column="joint_time" jdbcType="TIMESTAMP" property="jointTime" />
    <result column="remain_times" jdbcType="INTEGER" property="remainTimes" />
    <result column="slot1_num" jdbcType="INTEGER" property="slot1Num" />
    <result column="slot2_num" jdbcType="INTEGER" property="slot2Num" />
    <result column="slot3_num" jdbcType="INTEGER" property="slot3Num" />
    <result column="slot4_num" jdbcType="INTEGER" property="slot4Num" />
    <result column="slot5_num" jdbcType="INTEGER" property="slot5Num" />
    <result column="scratch_times" jdbcType="INTEGER" property="scratchTimes" />
    <result column="alive" jdbcType="INTEGER" property="alive" />
  </resultMap>
  <sql id="Base_Column_List">
    id, user_id, activity_id, joint_time, remain_times, slot1_num, slot2_num, slot3_num,
    slot4_num, slot5_num, scratch_times, alive
  </sql>
  <select id="selectByPrimaryKey" parameterType="java.lang.Integer" resultMap="BaseResultMap">
    select
    <include refid="Base_Column_List" />
    from user_activity
    where id = #{id,jdbcType=INTEGER}
  </select>

  <select id="selectByActivityAndUser"  resultMap="BaseResultMap">
    select * from user_activity
    where user_id = #{user_id,jdbcType=INTEGER} and activity_id = #{activity_id,jdbcType=INTEGER}
  </select>

  <select id="getByUserId" parameterType="java.lang.Integer" resultMap="BaseResultMap">
    select
    <include refid="Base_Column_List" />
    from user_activity
    where user_id = #{user_id,jdbcType=INTEGER}
  </select>

  <select id="getByActivityId" parameterType="java.lang.Integer" resultMap="BaseResultMap">
    select
    <include refid="Base_Column_List" />
    from user_activity
    where activity_id = #{activity_id,jdbcType=INTEGER}
  </select>

  <delete id="deleteByPrimaryKey" parameterType="java.lang.Integer">
    delete from user_activity
    where id = #{id,jdbcType=INTEGER}
  </delete>
  <insert id="insert" parameterType="com.cmb.dal.entity.ActiveActivity">
    insert into user_activity (user_id, activity_id,
      joint_time, remain_times, slot1_num,
      slot2_num, slot3_num, slot4_num,
      slot5_num, scratch_times
      )
    values ( #{userId,jdbcType=INTEGER}, #{activityId,jdbcType=INTEGER},
      #{jointTime,jdbcType=TIMESTAMP}, #{remainTimes,jdbcType=INTEGER}, #{slot1Num,jdbcType=INTEGER},
      #{slot2Num,jdbcType=INTEGER}, #{slot3Num,jdbcType=INTEGER}, #{slot4Num,jdbcType=INTEGER},
      #{slot5Num,jdbcType=INTEGER}, #{scratchTimes,jdbcType=INTEGER}
      )
  </insert>
  <insert id="insertSelective" parameterType="com.cmb.dal.entity.ActiveActivity">
    insert into user_activity
    <trim prefix="(" suffix=")" suffixOverrides=",">
      <if test="id != null">
        id,
      </if>
      <if test="userId != null">
        user_id,
      </if>
      <if test="activityId != null">
        activity_id,
      </if>
      <if test="jointTime != null">
        joint_time,
      </if>
      <if test="remainTimes != null">
        remain_times,
      </if>
      <if test="slot1Num != null">
        slot1_num,
      </if>
      <if test="slot2Num != null">
        slot2_num,
      </if>
      <if test="slot3Num != null">
        slot3_num,
      </if>
      <if test="slot4Num != null">
        slot4_num,
      </if>
      <if test="slot5Num != null">
        slot5_num,
      </if>
      <if test="scratchTimes != null">
        scratch_times,
      </if>
      <if test="alive != null">
        alive,
      </if>
    </trim>
    <trim prefix="values (" suffix=")" suffixOverrides=",">
      <if test="id != null">
        #{id,jdbcType=INTEGER},
      </if>
      <if test="userId != null">
        #{userId,jdbcType=INTEGER},
      </if>
      <if test="activityId != null">
        #{activityId,jdbcType=INTEGER},
      </if>
      <if test="jointTime != null">
        #{jointTime,jdbcType=TIMESTAMP},
      </if>
      <if test="remainTimes != null">
        #{remainTimes,jdbcType=INTEGER},
      </if>
      <if test="slot1Num != null">
        #{slot1Num,jdbcType=INTEGER},
      </if>
      <if test="slot2Num != null">
        #{slot2Num,jdbcType=INTEGER},
      </if>
      <if test="slot3Num != null">
        #{slot3Num,jdbcType=INTEGER},
      </if>
      <if test="slot4Num != null">
        #{slot4Num,jdbcType=INTEGER},
      </if>
      <if test="slot5Num != null">
        #{slot5Num,jdbcType=INTEGER},
      </if>
      <if test="scratchTimes != null">
        #{scratchTimes,jdbcType=INTEGER},
      </if>
      <if test="alive != null">
        #{alive,jdbcType=INTEGER},
      </if>
    </trim>
  </insert>
  <update id="updateByPrimaryKeySelective" parameterType="com.cmb.dal.entity.ActiveActivity">
    update user_activity
    <set>
      <if test="userId != null">
        user_id = #{userId,jdbcType=INTEGER},
      </if>
      <if test="activityId != null">
        activity_id = #{activityId,jdbcType=INTEGER},
      </if>
      <if test="jointTime != null">
        joint_time = #{jointTime,jdbcType=TIMESTAMP},
      </if>
      <if test="remainTimes != null">
        remain_times = #{remainTimes,jdbcType=INTEGER},
      </if>
      <if test="slot1Num != null">
        slot1_num = #{slot1Num,jdbcType=INTEGER},
      </if>
      <if test="slot2Num != null">
        slot2_num = #{slot2Num,jdbcType=INTEGER},
      </if>
      <if test="slot3Num != null">
        slot3_num = #{slot3Num,jdbcType=INTEGER},
      </if>
      <if test="slot4Num != null">
        slot4_num = #{slot4Num,jdbcType=INTEGER},
      </if>
      <if test="slot5Num != null">
        slot5_num = #{slot5Num,jdbcType=INTEGER},
      </if>
      <if test="scratchTimes != null">
        scratch_times = #{scratchTimes,jdbcType=INTEGER},
      </if>
      <if test="alive != null">
        alive = #{alive,jdbcType=INTEGER},
      </if>
    </set>
    where id = #{id,jdbcType=INTEGER}
  </update>
  <update id="updateByPrimaryKey" parameterType="com.cmb.dal.entity.ActiveActivity">
    update user_activity
    set user_id = #{userId,jdbcType=INTEGER},
      activity_id = #{activityId,jdbcType=INTEGER},
      joint_time = #{jointTime,jdbcType=TIMESTAMP},
      remain_times = #{remainTimes,jdbcType=INTEGER},
      slot1_num = #{slot1Num,jdbcType=INTEGER},
      slot2_num = #{slot2Num,jdbcType=INTEGER},
      slot3_num = #{slot3Num,jdbcType=INTEGER},
      slot4_num = #{slot4Num,jdbcType=INTEGER},
      slot5_num = #{slot5Num,jdbcType=INTEGER},
      scratch_times = #{scratchTimes,jdbcType=INTEGER},
      alive = #{alive,jdbcType=INTEGER}
    where id = #{id,jdbcType=INTEGER}
  </update>
</mapper>
