<?xml version="1.0" encoding="UTF-8"?>
<!DOCTYPE mapper PUBLIC "-//mybatis.org//DTD Mapper 3.0//EN" "http://mybatis.org/dtd/mybatis-3-mapper.dtd">
<mapper namespace="com.cmb.dal.dao.ActivityMapper">
  <resultMap id="BaseResultMap" type="com.cmb.dal.entity.Activity">
    <id column="id" jdbcType="INTEGER" property="id" />
    <result column="name" jdbcType="VARCHAR" property="name" />
    <result column="poster" jdbcType="VARCHAR" property="poster" />
    <result column="start_time" jdbcType="TIMESTAMP" property="startTime" />
    <result column="end_time" jdbcType="TIMESTAMP" property="endTime" />
    <result column="create_date" jdbcType="TIMESTAMP" property="createDate" />
    <result column="creator" jdbcType="VARCHAR" property="creator" />
    <result column="status" jdbcType="VARCHAR" property="status" />
    <result column="rule" jdbcType="VARCHAR" property="rule" />
    <result column="card_type" jdbcType="VARCHAR" property="cardType" />
    <result column="card_number" jdbcType="INTEGER" property="cardNumber" />
    <result column="joined_number" jdbcType="INTEGER" property="joinedNumber" />
    <result column="finished_number" jdbcType="INTEGER" property="finishedNumber" />
    <result column="alive" jdbcType="INTEGER" property="alive" />
  </resultMap>
  <sql id="Base_Column_List">
    id, name, poster, start_time, end_time, create_date, creator, status, rule, card_type,
    card_number, joined_number, finished_number, alive
  </sql>
  <select id="selectByPrimaryKey" parameterType="java.lang.Integer" resultMap="BaseResultMap">
    select
    <include refid="Base_Column_List" />
    from activities_test where id = #{id,jdbcType=INTEGER}
  </select>
  <select id="getByName" parameterType="java.lang.String" resultType="com.cmb.dal.entity.Activity">
    select *  from activities_test where alive = 1 and name = #{name}
  </select>
  <select id="selectByName" parameterType="java.lang.String" resultMap="BaseResultMap">
    select *  from activities_test where alive = 1 and name like  #{name};
  </select>
  <select id="getActivityByCreateTime" parameterType="java.util.Date" resultMap="BaseResultMap">
    select *  from activities_test where alive = 1 and create_date>= #{startTime,jdbcType=TIMESTAMP}
  </select>
  <select id="getAllActivities" resultMap="BaseResultMap">
    select *  from activities_test where alive = 1
  </select>
  <select id="getAllUpStatusActivities" resultMap="BaseResultMap">
    select *  from activities_test where alive = 1 and status =''
  </select>
  <select id="getDownStatusActivities" resultMap="BaseResultMap">
    select *  from activities_test where alive = 1 and status !=''
  </select>

  <update id="deleteByPrimaryKey" parameterType="java.lang.Integer">
    update activities_test set alive = 0
    where id = #{id}
  </update>
  <insert id="insert" parameterType="com.cmb.dal.entity.Activity">
    insert into activities_test (name, poster, start_time, end_time, create_date, creator, status, rule, card_type, card_number, joined_number,
      finished_number)
    values (#{name}, #{poster}, #{startTime,jdbcType=TIMESTAMP}, #{endTime,jdbcType=TIMESTAMP}, #{createDate,jdbcType=TIMESTAMP},
      #{creator,jdbcType=VARCHAR}, #{status,jdbcType=VARCHAR}, #{rule,jdbcType=VARCHAR},
      #{cardType,jdbcType=VARCHAR}, #{cardNumber,jdbcType=INTEGER}, #{joinedNumber,jdbcType=INTEGER},
      #{finishedNumber,jdbcType=INTEGER})
  </insert>
  <insert id="insertSelective" parameterType="com.cmb.dal.entity.Activity">
    insert into activities_test
    <trim prefix="(" suffix=")" suffixOverrides=",">
      <if test="name != null">
        name,
      </if>
      <if test="poster != null">
        poster,
      </if>
      <if test="startTime != null">
        start_time,
      </if>
      <if test="endTime != null">
        end_time,
      </if>
      <if test="createDate != null">
        create_date,
      </if>
      <if test="creator != null">
        creator,
      </if>
      <if test="status != null">
        status,
      </if>
      <if test="rule != null">
        rule,
      </if>
      <if test="cardType != null">
        card_type,
      </if>
      <if test="cardNumber != null">
        card_number,
      </if>
      <if test="joinedNumber != null">
        joined_number,
      </if>
      <if test="finishedNumber != null">
        finished_number,
      </if>
    </trim>
    <trim prefix="values (" suffix=")" suffixOverrides=",">
      <if test="name != null">
        #{name,jdbcType=VARCHAR},
      </if>
      <if test="poster != null">
        #{poster,jdbcType=VARCHAR},
      </if>
      <if test="startTime != null">
        #{startTime,jdbcType=TIMESTAMP},
      </if>
      <if test="endTime != null">
        #{endTime,jdbcType=TIMESTAMP},
      </if>
      <if test="createDate != null">
        #{createDate,jdbcType=TIMESTAMP},
      </if>
      <if test="creator != null">
        #{creator,jdbcType=VARCHAR},
      </if>
      <if test="status != null">
        #{status,jdbcType=VARCHAR},
      </if>
      <if test="rule != null">
        #{rule,jdbcType=VARCHAR},
      </if>
      <if test="cardType != null">
        #{cardType,jdbcType=VARCHAR},
      </if>
      <if test="cardNumber != null">
        #{cardNumber,jdbcType=INTEGER},
      </if>
      <if test="joinedNumber != null">
        #{joinedNumber,jdbcType=INTEGER},
      </if>
      <if test="finishedNumber != null">
        #{finishedNumber,jdbcType=INTEGER},
      </if>
    </trim>
  </insert>
  <update id="updateByPrimaryKeySelective" parameterType="com.cmb.dal.entity.Activity">
    update activities_test
    <set>
      <if test="name != null">
        name = #{name,jdbcType=VARCHAR},
      </if>
      <if test="poster != null">
        poster = #{poster,jdbcType=VARCHAR},
      </if>
      <if test="startTime != null">
        start_time = #{startTime,jdbcType=TIMESTAMP},
      </if>
      <if test="endTime != null">
        end_time = #{endTime,jdbcType=TIMESTAMP},
      </if>
      <if test="createDate != null">
        create_date = #{createDate,jdbcType=TIMESTAMP},
      </if>
      <if test="creator != null">
        creator = #{creator,jdbcType=VARCHAR},
      </if>
      <if test="status != null">
        status = #{status,jdbcType=VARCHAR},
      </if>
      <if test="rule != null">
        rule = #{rule,jdbcType=VARCHAR},
      </if>
      <if test="cardType != null">
        card_type = #{cardType,jdbcType=VARCHAR},
      </if>
      <if test="cardNumber != null">
        card_number = #{cardNumber,jdbcType=INTEGER},
      </if>
      <if test="joinedNumber != null">
        joined_number = #{joinedNumber,jdbcType=INTEGER},
      </if>
      <if test="finishedNumber != null">
        finished_number = #{finishedNumber,jdbcType=INTEGER},
      </if>
      <if test="alive != null">
        alive = #{alive,jdbcType=INTEGER},
      </if>
    </set>
    where id = #{id,jdbcType=INTEGER}
  </update>
  <update id="updateByPrimaryKey" parameterType="com.cmb.dal.entity.Activity">
    update activities_test
    set name = #{name,jdbcType=VARCHAR},
      poster = #{poster,jdbcType=VARCHAR},
      start_time = #{startTime,jdbcType=TIMESTAMP},
      end_time = #{endTime,jdbcType=TIMESTAMP},
      create_date = #{createDate,jdbcType=TIMESTAMP},
      creator = #{creator,jdbcType=VARCHAR},
      status = #{status,jdbcType=VARCHAR},
      rule = #{rule,jdbcType=VARCHAR},
      card_type = #{cardType,jdbcType=VARCHAR},
      card_number = #{cardNumber,jdbcType=INTEGER},
      joined_number = #{joinedNumber,jdbcType=INTEGER},
      finished_number = #{finishedNumber,jdbcType=INTEGER},
      alive = #{alive,jdbcType=INTEGER}
    where id = #{id,jdbcType=INTEGER}
  </update>
</mapper>
