<?xml version="1.0" encoding="UTF-8"?>
<!DOCTYPE mapper PUBLIC "-//mybatis.org//DTD Mapper 3.0//EN" "http://mybatis.org/dtd/mybatis-3-mapper.dtd">
<mapper namespace="com.cmb.dal.dao.AdminMapper">
  <resultMap id="BaseResultMap" type="com.cmb.dal.entity.Admin">
    <id column="id" jdbcType="INTEGER" property="id" />
    <result column="name" jdbcType="VARCHAR" property="name" />
    <result column="password" jdbcType="VARCHAR" property="password" />
    <result column="type" jdbcType="VARCHAR" property="type" />
    <result column="alive" jdbcType="INTEGER" property="alive" />
  </resultMap>
  <sql id="Base_Column_List">
    id, name, password, type, alive
  </sql>
  <select id="selectByPrimaryKey" parameterType="java.lang.Integer" resultMap="BaseResultMap">
    select
    <include refid="Base_Column_List" />
    from admin_test
    where id = #{id,jdbcType=INTEGER}
  </select>
  <select id="selectByName" parameterType="java.lang.String" resultMap="BaseResultMap">
    select <include refid="Base_Column_List" />
    from admin_test
    where name = #{name,jdbcType=VARCHAR}
  </select>
  <delete id="deleteByPrimaryKey" parameterType="java.lang.Integer">
    delete from admin_test
    where id = #{id,jdbcType=INTEGER}
  </delete>
  <insert id="insert" parameterType="com.cmb.dal.entity.Admin">
    insert into admin_test ( name, password, type)
    values (#{name,jdbcType=VARCHAR}, #{password,jdbcType=VARCHAR},
      #{type,jdbcType=VARCHAR})
  </insert>
  <insert id="insertSelective" parameterType="com.cmb.dal.entity.Admin">
    insert into admin_test
    <trim prefix="(" suffix=")" suffixOverrides=",">
      <if test="id != null">
        id,
      </if>
      <if test="name != null">
        name,
      </if>
      <if test="password != null">
        password,
      </if>
      <if test="type != null">
        type,
      </if>
      <if test="alive != null">
        alive,
      </if>
    </trim>
    <trim prefix="values (" suffix=")" suffixOverrides=",">
      <if test="id != null">
        #{id,jdbcType=INTEGER},
      </if>
      <if test="name != null">
        #{name,jdbcType=VARCHAR},
      </if>
      <if test="password != null">
        #{password,jdbcType=VARCHAR},
      </if>
      <if test="type != null">
        #{type,jdbcType=VARCHAR},
      </if>
      <if test="alive != null">
        #{alive,jdbcType=INTEGER},
      </if>
    </trim>
  </insert>
  <update id="updateByPrimaryKeySelective" parameterType="com.cmb.dal.entity.Admin">
    update admin_test
    <set>
      <if test="name != null">
        name = #{name,jdbcType=VARCHAR},
      </if>
      <if test="password != null">
        password = #{password,jdbcType=VARCHAR},
      </if>
      <if test="type != null">
        type = #{type,jdbcType=VARCHAR},
      </if>
      <if test="alive != null">
        alive = #{alive,jdbcType=INTEGER},
      </if>
    </set>
    where id = #{id,jdbcType=INTEGER}
  </update>
  <update id="updateByPrimaryKey" parameterType="com.cmb.dal.entity.Admin">
    update admin_test
    set name = #{name,jdbcType=VARCHAR},
      password = #{password,jdbcType=VARCHAR},
      type = #{type,jdbcType=VARCHAR},
      alive = #{alive,jdbcType=INTEGER}
    where id = #{id,jdbcType=INTEGER}
  </update>
  <!--管理员登录验证-->
  <select id="adminLogin" resultType="com.cmb.dal.entity.Admin"  resultMap="BaseResultMap">
    SELECT * FROM admin_test  Where binary alive = 1 and name = #{name} AND password = #{password}
  </select>

</mapper>