<?xml version="1.0" encoding="UTF-8"?>
<!DOCTYPE mapper PUBLIC "-//mybatis.org//DTD Mapper 3.0//EN" "http://mybatis.org/dtd/mybatis-3-mapper.dtd">
<mapper namespace="com.cmb.dal.dao.CardResultMapper">
  <resultMap id="BaseResultMap" type="com.cmb.model.CardResult">
    <id column="id" jdbcType="INTEGER" property="id" />
    <result column="card_id" jdbcType="INTEGER" property="cardId" />
    <result column="card_name" jdbcType="VARCHAR" property="cardName" />
    <result column="picture" jdbcType="VARCHAR" property="picture" />
    <result column="card_number" jdbcType="INTEGER" property="cardNumber" />
    <result column="activity_id" jdbcType="INTEGER" property="activityId" />
    <result column="alive" jdbcType="INTEGER" property="alive" />
  </resultMap>
  <sql id="Base_Column_List">
    id, card_id, card_name, picture, card_number, activity_id, alive
  </sql>
  <select id="selectByPrimaryKey" parameterType="java.lang.Integer" resultMap="BaseResultMap">
    select 
    <include refid="Base_Column_List" />
    from card_result
    where id = #{id,jdbcType=INTEGER}
  </select>
  <delete id="deleteByPrimaryKey" parameterType="java.lang.Integer">
    delete from card_result
    where id = #{id,jdbcType=INTEGER}
  </delete>
  <insert id="insert" parameterType="com.cmb.model.CardResult">
    insert into card_result (id, card_id, card_name, 
      picture, card_number, activity_id, 
      alive)
    values (#{id,jdbcType=INTEGER}, #{cardId,jdbcType=INTEGER}, #{cardName,jdbcType=VARCHAR}, 
      #{picture,jdbcType=VARCHAR}, #{cardNumber,jdbcType=INTEGER}, #{activityId,jdbcType=INTEGER}, 
      #{alive,jdbcType=INTEGER})
  </insert>
  <insert id="insertSelective" parameterType="com.cmb.model.CardResult">
    insert into card_result
    <trim prefix="(" suffix=")" suffixOverrides=",">
      <if test="id != null">
        id,
      </if>
      <if test="cardId != null">
        card_id,
      </if>
      <if test="cardName != null">
        card_name,
      </if>
      <if test="picture != null">
        picture,
      </if>
      <if test="cardNumber != null">
        card_number,
      </if>
      <if test="activityId != null">
        activity_id,
      </if>
      <if test="alive != null">
        alive,
      </if>
    </trim>
    <trim prefix="values (" suffix=")" suffixOverrides=",">
      <if test="id != null">
        #{id,jdbcType=INTEGER},
      </if>
      <if test="cardId != null">
        #{cardId,jdbcType=INTEGER},
      </if>
      <if test="cardName != null">
        #{cardName,jdbcType=VARCHAR},
      </if>
      <if test="picture != null">
        #{picture,jdbcType=VARCHAR},
      </if>
      <if test="cardNumber != null">
        #{cardNumber,jdbcType=INTEGER},
      </if>
      <if test="activityId != null">
        #{activityId,jdbcType=INTEGER},
      </if>
      <if test="alive != null">
        #{alive,jdbcType=INTEGER},
      </if>
    </trim>
  </insert>
  <update id="updateByPrimaryKeySelective" parameterType="com.cmb.model.CardResult">
    update card_result
    <set>
      <if test="cardId != null">
        card_id = #{cardId,jdbcType=INTEGER},
      </if>
      <if test="cardName != null">
        card_name = #{cardName,jdbcType=VARCHAR},
      </if>
      <if test="picture != null">
        picture = #{picture,jdbcType=VARCHAR},
      </if>
      <if test="cardNumber != null">
        card_number = #{cardNumber,jdbcType=INTEGER},
      </if>
      <if test="activityId != null">
        activity_id = #{activityId,jdbcType=INTEGER},
      </if>
      <if test="alive != null">
        alive = #{alive,jdbcType=INTEGER},
      </if>
    </set>
    where id = #{id,jdbcType=INTEGER}
  </update>
  <update id="updateByPrimaryKey" parameterType="com.cmb.model.CardResult">
    update card_result
    set card_id = #{cardId,jdbcType=INTEGER},
      card_name = #{cardName,jdbcType=VARCHAR},
      picture = #{picture,jdbcType=VARCHAR},
      card_number = #{cardNumber,jdbcType=INTEGER},
      activity_id = #{activityId,jdbcType=INTEGER},
      alive = #{alive,jdbcType=INTEGER}
    where id = #{id,jdbcType=INTEGER}
  </update>
</mapper>