<?xml version="1.0" encoding="UTF-8"?>
<!DOCTYPE mapper PUBLIC "-//mybatis.org//DTD Mapper 3.0//EN" "http://mybatis.org/dtd/mybatis-3-mapper.dtd">
<mapper namespace="com.cmb.dal.dao.CardMapper">
  <resultMap id="BaseResultMap" type="com.cmb.dal.entity.Card">
    <id column="id" jdbcType="INTEGER" property="id" />
    <result column="name" jdbcType="VARCHAR" property="name" />
    <result column="picture" jdbcType="VARCHAR" property="picture" />
    <result column="probability" jdbcType="DOUBLE" property="probability" />
    <result column="type" jdbcType="VARCHAR" property="type" />
    <result column="activity_id" jdbcType="INTEGER" property="activityId" />
    <result column="alive" jdbcType="INTEGER" property="alive" />
  </resultMap>
  <sql id="Base_Column_List">
    id, name, picture, probability, type, activity_id, alive
  </sql>
  <select id="selectByPrimaryKey" parameterType="java.lang.Integer" resultMap="BaseResultMap">
    select
    <include refid="Base_Column_List" />
    from cards_test
    where id = #{id,jdbcType=INTEGER}
  </select>

  <select id="selectByName" parameterType="java.lang.String" resultMap="BaseResultMap">
    select
    <include refid="Base_Column_List" />
    from cards_test
    where name = #{name,jdbcType=VARCHAR}
  </select>

  <select id="getAllCards" resultMap="BaseResultMap">
    select *  from cards_test where alive = 1
  </select>

  <select id="getFiveCardsByActivityId" parameterType="java.lang.Integer" resultMap="BaseResultMap">
    select *  from cards_test where alive = 1 and  activity_id = #{activity_id,jdbcType=INTEGER}
  </select>

  <delete id="deleteByPrimaryKey" parameterType="java.lang.Integer">
    update cards_test set alive = 0
    where id = #{id,jdbcType=INTEGER}
  </delete>

  <delete id="deleteCardByActivity" parameterType="java.lang.Integer">
    update cards_test set alive = 0
    where activity_id = #{activity_id,jdbcType=INTEGER}
  </delete>

  <insert id="insert" parameterType="com.cmb.dal.entity.Card" >
    insert into cards_test (name, picture, probability, type, activity_id)
    values ( #{name}, #{picture}, #{probability}, #{type}, #{activityId})
  </insert>
  <insert id="insertSelective" parameterType="com.cmb.dal.entity.Card">
    insert into cards_test
    <trim prefix="(" suffix=")" suffixOverrides=",">
      <if test="id != null">
        id,
      </if>
      <if test="name != null">
        name,
      </if>
      <if test="picture != null">
        picture,
      </if>
      <if test="probability != null">
        probability,
      </if>
      <if test="type != null">
        type,
      </if>
      <if test="activityId != null">
        activity_id,
      </if>
      <if test="alive != null">
        alive,
      </if>
    </trim>
    <trim prefix="values (" suffix=")" suffixOverrides=",">
      <if test="id != null">
        #{id,jdbcType=INTEGER},
      </if>
      <if test="name != null">
        #{name,jdbcType=VARCHAR},
      </if>
      <if test="picture != null">
        #{picture,jdbcType=VARCHAR},
      </if>
      <if test="probability != null">
        #{probability,jdbcType=DOUBLE},
      </if>
      <if test="type != null">
        #{type,jdbcType=VARCHAR},
      </if>
      <if test="activityId != null">
        #{activityId,jdbcType=INTEGER},
      </if>
      <if test="alive != null">
        #{alive,jdbcType=INTEGER},
      </if>
    </trim>
  </insert>
  <update id="updateByPrimaryKeySelective" parameterType="com.cmb.dal.entity.Card">
    update cards_test
    <set>
      <if test="name != null">
        name = #{name,jdbcType=VARCHAR},
      </if>
      <if test="picture != null">
        picture = #{picture,jdbcType=VARCHAR},
      </if>
      <if test="probability != null">
        probability = #{probability,jdbcType=DOUBLE},
      </if>
      <if test="type != null">
        type = #{type,jdbcType=VARCHAR},
      </if>
      <if test="activityId != null">
        activity_id = #{activityId,jdbcType=INTEGER},
      </if>
      <if test="alive != null">
        alive = #{alive,jdbcType=INTEGER},
      </if>
    </set>
    where id = #{id,jdbcType=INTEGER}
  </update>
  <update id="updateByPrimaryKey" parameterType="com.cmb.dal.entity.Card">
    update cards_test
    set name = #{name,jdbcType=VARCHAR},
      picture = #{picture,jdbcType=VARCHAR},
      probability = #{probability,jdbcType=DOUBLE},
      type = #{type,jdbcType=VARCHAR},
      activity_id = #{activityId,jdbcType=INTEGER},
      alive = #{alive,jdbcType=INTEGER}
    where id = #{id,jdbcType=INTEGER}
  </update>
</mapper>
