<?xml version="1.0" encoding="UTF-8"?>
<!DOCTYPE mapper PUBLIC "-//mybatis.org//DTD Mapper 3.0//EN" "http://mybatis.org/dtd/mybatis-3-mapper.dtd">
<mapper namespace="com.cmb.dal.dao.HelperFlowMapper">
  <resultMap id="BaseResultMap" type="com.cmb.model.HelperFlow">
    <id column="id" jdbcType="INTEGER" property="id" />
    <result column="inviter_id" jdbcType="INTEGER" property="inviterId" />
    <result column="activity_id" jdbcType="INTEGER" property="activityId" />
    <result column="inviter_nickname" jdbcType="VARCHAR" property="inviterNickname" />
    <result column="helper_nickname" jdbcType="VARCHAR" property="helperNickname" />
    <result column="get_time" jdbcType="TIMESTAMP" property="getTime" />
    <result column="activity_name" jdbcType="VARCHAR" property="activityName" />
  </resultMap>
  <sql id="Base_Column_List">
    id, inviter_id, activity_id, inviter_nickname, helper_nickname, get_time, activity_name
  </sql>
  <select id="selectByPrimaryKey" parameterType="java.lang.Integer" resultMap="BaseResultMap">
    select
    <include refid="Base_Column_List" />
    from helper_flow
    where id = #{id,jdbcType=INTEGER}
  </select>

  <select id="findByUserAndActivity" resultMap="BaseResultMap">
    select * from helper_flow
    where inviter_id = #{inviter_id,jdbcType=INTEGER} and activity_id = #{activity_id}
  </select>

  <delete id="deleteByPrimaryKey" parameterType="java.lang.Integer">
    delete from helper_flow
    where id = #{id,jdbcType=INTEGER}
  </delete>
  <insert id="insert" parameterType="com.cmb.model.HelperFlow">
    insert into helper_flow (id, inviter_id, activity_id,
      inviter_nickname, helper_nickname, get_time,
      activity_name)
    values (#{id,jdbcType=INTEGER}, #{inviterId,jdbcType=INTEGER}, #{activityId,jdbcType=INTEGER},
      #{inviterNickname,jdbcType=VARCHAR}, #{helperNickname,jdbcType=VARCHAR}, #{getTime,jdbcType=TIMESTAMP},
      #{activityName,jdbcType=VARCHAR})
  </insert>
  <insert id="insertSelective" parameterType="com.cmb.model.HelperFlow">
    insert into helper_flow
    <trim prefix="(" suffix=")" suffixOverrides=",">
      <if test="id != null">
        id,
      </if>
      <if test="inviterId != null">
        inviter_id,
      </if>
      <if test="activityId != null">
        activity_id,
      </if>
      <if test="inviterNickname != null">
        inviter_nickname,
      </if>
      <if test="helperNickname != null">
        helper_nickname,
      </if>
      <if test="getTime != null">
        get_time,
      </if>
      <if test="activityName != null">
        activity_name,
      </if>
    </trim>
    <trim prefix="values (" suffix=")" suffixOverrides=",">
      <if test="id != null">
        #{id,jdbcType=INTEGER},
      </if>
      <if test="inviterId != null">
        #{inviterId,jdbcType=INTEGER},
      </if>
      <if test="activityId != null">
        #{activityId,jdbcType=INTEGER},
      </if>
      <if test="inviterNickname != null">
        #{inviterNickname,jdbcType=VARCHAR},
      </if>
      <if test="helperNickname != null">
        #{helperNickname,jdbcType=VARCHAR},
      </if>
      <if test="getTime != null">
        #{getTime,jdbcType=TIMESTAMP},
      </if>
      <if test="activityName != null">
        #{activityName,jdbcType=VARCHAR},
      </if>
    </trim>
  </insert>
  <update id="updateByPrimaryKeySelective" parameterType="com.cmb.model.HelperFlow">
    update helper_flow
    <set>
      <if test="inviterId != null">
        inviter_id = #{inviterId,jdbcType=INTEGER},
      </if>
      <if test="activityId != null">
        activity_id = #{activityId,jdbcType=INTEGER},
      </if>
      <if test="inviterNickname != null">
        inviter_nickname = #{inviterNickname,jdbcType=VARCHAR},
      </if>
      <if test="helperNickname != null">
        helper_nickname = #{helperNickname,jdbcType=VARCHAR},
      </if>
      <if test="getTime != null">
        get_time = #{getTime,jdbcType=TIMESTAMP},
      </if>
      <if test="activityName != null">
        activity_name = #{activityName,jdbcType=VARCHAR},
      </if>
    </set>
    where id = #{id,jdbcType=INTEGER}
  </update>
  <update id="updateByPrimaryKey" parameterType="com.cmb.model.HelperFlow">
    update helper_flow
    set inviter_id = #{inviterId,jdbcType=INTEGER},
      activity_id = #{activityId,jdbcType=INTEGER},
      inviter_nickname = #{inviterNickname,jdbcType=VARCHAR},
      helper_nickname = #{helperNickname,jdbcType=VARCHAR},
      get_time = #{getTime,jdbcType=TIMESTAMP},
      activity_name = #{activityName,jdbcType=VARCHAR}
    where id = #{id,jdbcType=INTEGER}
  </update>
</mapper>
