<?xml version="1.0" encoding="UTF-8"?>
<!DOCTYPE mapper PUBLIC "-//mybatis.org//DTD Mapper 3.0//EN" "http://mybatis.org/dtd/mybatis-3-mapper.dtd">
<mapper namespace="com.cmb.dal.dao.HelperLogMapper">
  <resultMap id="BaseResultMap" type="com.cmb.dal.entity.HelperLog">
    <id column="id" jdbcType="INTEGER" property="id" />
    <result column="user_id" jdbcType="INTEGER" property="userId" />
    <result column="helper_id" jdbcType="INTEGER" property="helperId" />
    <result column="activity_id" jdbcType="INTEGER" property="activityId" />
    <result column="remain_times" jdbcType="INTEGER" property="remainTimes" />
    <result column="alive" jdbcType="INTEGER" property="alive" />
  </resultMap>
  <sql id="Base_Column_List">
    id, user_id, helper_id, activity_id, remain_times, alive
  </sql>
  <select id="selectByPrimaryKey" parameterType="java.lang.Integer" resultMap="BaseResultMap">
    select
    <include refid="Base_Column_List" />
    from user_helper_log
    where id = #{id,jdbcType=INTEGER}
  </select>
  <delete id="deleteByPrimaryKey" parameterType="java.lang.Integer">
    delete from user_helper_log
    where id = #{id,jdbcType=INTEGER}
  </delete>

  <select id="getByUserHelperActivity" resultMap="BaseResultMap">
    select * from user_helper_log
    where user_id = #{user_id} and helper_id = #{helper_id} and activity_id = #{activity_id}
  </select>

  <select id="getHelperByActivity" resultMap="BaseResultMap">
    select * from user_helper_log
    where user_id = #{user_id} and activity_id = #{activity_id}
  </select>

  <insert id="insert" parameterType="com.cmb.dal.entity.HelperLog">
    insert into user_helper_log (user_id, helper_id,
      activity_id, remain_times
      )
    values (#{userId,jdbcType=INTEGER}, #{helperId,jdbcType=INTEGER},
      #{activityId,jdbcType=INTEGER}, #{remainTimes,jdbcType=INTEGER}
      )
  </insert>
  <insert id="insertSelective" parameterType="com.cmb.dal.entity.HelperLog">
    insert into user_helper_log
    <trim prefix="(" suffix=")" suffixOverrides=",">
      <if test="id != null">
        id,
      </if>
      <if test="userId != null">
        user_id,
      </if>
      <if test="helperId != null">
        helper_id,
      </if>
      <if test="activityId != null">
        activity_id,
      </if>
      <if test="remainTimes != null">
        remain_times,
      </if>
      <if test="alive != null">
        alive,
      </if>
    </trim>
    <trim prefix="values (" suffix=")" suffixOverrides=",">
      <if test="id != null">
        #{id,jdbcType=INTEGER},
      </if>
      <if test="userId != null">
        #{userId,jdbcType=INTEGER},
      </if>
      <if test="helperId != null">
        #{helperId,jdbcType=INTEGER},
      </if>
      <if test="activityId != null">
        #{activityId,jdbcType=INTEGER},
      </if>
      <if test="remainTimes != null">
        #{remainTimes,jdbcType=INTEGER},
      </if>
      <if test="alive != null">
        #{alive,jdbcType=INTEGER},
      </if>
    </trim>
  </insert>
  <update id="updateByPrimaryKeySelective" parameterType="com.cmb.dal.entity.HelperLog">
    update user_helper_log
    <set>
      <if test="userId != null">
        user_id = #{userId,jdbcType=INTEGER},
      </if>
      <if test="helperId != null">
        helper_id = #{helperId,jdbcType=INTEGER},
      </if>
      <if test="activityId != null">
        activity_id = #{activityId,jdbcType=INTEGER},
      </if>
      <if test="remainTimes != null">
        remain_times = #{remainTimes,jdbcType=INTEGER},
      </if>
      <if test="alive != null">
        alive = #{alive,jdbcType=INTEGER},
      </if>
    </set>
    where id = #{id,jdbcType=INTEGER}
  </update>
  <update id="updateByPrimaryKey" parameterType="com.cmb.dal.entity.HelperLog">
    update user_helper_log
    set user_id = #{userId,jdbcType=INTEGER},
      helper_id = #{helperId,jdbcType=INTEGER},
      activity_id = #{activityId,jdbcType=INTEGER},
      remain_times = #{remainTimes,jdbcType=INTEGER},
      alive = #{alive,jdbcType=INTEGER}
    where id = #{id,jdbcType=INTEGER}
  </update>
</mapper>
