<?xml version="1.0" encoding="UTF-8"?>
<!DOCTYPE mapper PUBLIC "-//mybatis.org//DTD Mapper 3.0//EN" "http://mybatis.org/dtd/mybatis-3-mapper.dtd">
<mapper namespace="com.cmb.dal.dao.ScratchCardLogMapper">
  <resultMap id="BaseResultMap" type="com.cmb.dal.entity.ScratchCardLog">
    <id column="id" jdbcType="INTEGER" property="id" />
    <result column="user_id" jdbcType="INTEGER" property="userId" />
    <result column="activity_id" jdbcType="INTEGER" property="activityId" />
    <result column="card_id" jdbcType="INTEGER" property="cardId" />
    <result column="get_time" jdbcType="TIMESTAMP" property="getTime" />
    <result column="card_number" jdbcType="INTEGER" property="cardNumber" />
    <result column="record_id" jdbcType="VARCHAR" property="recordId" />
    <result column="alive" jdbcType="INTEGER" property="alive" />
  </resultMap>
  <sql id="Base_Column_List">
    id, user_id, activity_id, card_id, get_time, card_number, record_id, alive
  </sql>
  <select id="selectByPrimaryKey" parameterType="java.lang.Integer" resultMap="BaseResultMap">
    select
    <include refid="Base_Column_List" />
    from scratch_card_log
    where id = #{id,jdbcType=INTEGER}
  </select>

  <select id="findByActivityId" parameterType="java.lang.Integer" resultMap="BaseResultMap">
    select * from scratch_card_log
    where activity_id = #{activity_id,jdbcType=INTEGER}
  </select>

  <select id="findByUserAndActivity" resultMap="BaseResultMap">
    select * from scratch_card_log
    where activity_id = #{activity_id} and user_id = #{user_id,jdbcType=INTEGER}
  </select>

  <select id="findByUserAndCard" parameterType="java.lang.Integer" resultMap="BaseResultMap">
    select
    <include refid="Base_Column_List" />
    from scratch_card_log
    where user_id = #{user_id,jdbcType=INTEGER} and card_id = #{card_id}
  </select>

  <delete id="deleteByPrimaryKey" parameterType="java.lang.Integer">
    delete from scratch_card_log
    where id = #{id,jdbcType=INTEGER}
  </delete>
  <insert id="insert" parameterType="com.cmb.dal.entity.ScratchCardLog">
    insert into scratch_card_log (id, user_id, activity_id,
      card_id, get_time, card_number,
      record_id, alive)
    values (#{id,jdbcType=INTEGER}, #{userId,jdbcType=INTEGER}, #{activityId,jdbcType=INTEGER},
      #{cardId,jdbcType=INTEGER}, #{getTime,jdbcType=TIMESTAMP}, #{cardNumber,jdbcType=INTEGER},
      #{recordId,jdbcType=VARCHAR}, #{alive,jdbcType=INTEGER})
  </insert>
  <insert id="insertSelective" parameterType="com.cmb.dal.entity.ScratchCardLog">
    insert into scratch_card_log
    <trim prefix="(" suffix=")" suffixOverrides=",">
      <if test="id != null">
        id,
      </if>
      <if test="userId != null">
        user_id,
      </if>
      <if test="activityId != null">
        activity_id,
      </if>
      <if test="cardId != null">
        card_id,
      </if>
      <if test="getTime != null">
        get_time,
      </if>
      <if test="cardNumber != null">
        card_number,
      </if>
      <if test="recordId != null">
        record_id,
      </if>
      <if test="alive != null">
        alive,
      </if>
    </trim>
    <trim prefix="values (" suffix=")" suffixOverrides=",">
      <if test="id != null">
        #{id,jdbcType=INTEGER},
      </if>
      <if test="userId != null">
        #{userId,jdbcType=INTEGER},
      </if>
      <if test="activityId != null">
        #{activityId,jdbcType=INTEGER},
      </if>
      <if test="cardId != null">
        #{cardId,jdbcType=INTEGER},
      </if>
      <if test="getTime != null">
        #{getTime,jdbcType=TIMESTAMP},
      </if>
      <if test="cardNumber != null">
        #{cardNumber,jdbcType=INTEGER},
      </if>
      <if test="recordId != null">
        #{recordId,jdbcType=VARCHAR},
      </if>
      <if test="alive != null">
        #{alive,jdbcType=INTEGER},
      </if>
    </trim>
  </insert>
  <update id="updateByPrimaryKeySelective" parameterType="com.cmb.dal.entity.ScratchCardLog">
    update scratch_card_log
    <set>
      <if test="userId != null">
        user_id = #{userId,jdbcType=INTEGER},
      </if>
      <if test="activityId != null">
        activity_id = #{activityId,jdbcType=INTEGER},
      </if>
      <if test="cardId != null">
        card_id = #{cardId,jdbcType=INTEGER},
      </if>
      <if test="getTime != null">
        get_time = #{getTime,jdbcType=TIMESTAMP},
      </if>
      <if test="cardNumber != null">
        card_number = #{cardNumber,jdbcType=INTEGER},
      </if>
      <if test="recordId != null">
        record_id = #{recordId,jdbcType=VARCHAR},
      </if>
      <if test="alive != null">
        alive = #{alive,jdbcType=INTEGER},
      </if>
    </set>
    where id = #{id,jdbcType=INTEGER}
  </update>
  <update id="updateByPrimaryKey" parameterType="com.cmb.dal.entity.ScratchCardLog">
    update scratch_card_log
    set user_id = #{userId,jdbcType=INTEGER},
      activity_id = #{activityId,jdbcType=INTEGER},
      card_id = #{cardId,jdbcType=INTEGER},
      get_time = #{getTime,jdbcType=TIMESTAMP},
      card_number = #{cardNumber,jdbcType=INTEGER},
      record_id = #{recordId,jdbcType=VARCHAR},
      alive = #{alive,jdbcType=INTEGER}
    where id = #{id,jdbcType=INTEGER}
  </update>
</mapper>
