<?xml version="1.0" encoding="UTF-8"?>
<!DOCTYPE mapper PUBLIC "-//mybatis.org//DTD Mapper 3.0//EN" "http://mybatis.org/dtd/mybatis-3-mapper.dtd">
<mapper namespace="com.cmb.dal.dao.ScratchFlowMapper">
  <resultMap id="BaseResultMap" type="com.cmb.model.ScratchFlow">
    <id column="id" jdbcType="INTEGER" property="id" />
    <result column="card_name" jdbcType="VARCHAR" property="cardName" />
    <result column="user_id" jdbcType="INTEGER" property="userId" />
    <result column="activity_id" jdbcType="INTEGER" property="activityId" />
    <result column="user_nickname" jdbcType="VARCHAR" property="userNickname" />
    <result column="get_time" jdbcType="TIMESTAMP" property="getTime" />
    <result column="activity_name" jdbcType="VARCHAR" property="activityName" />
  </resultMap>
  <sql id="Base_Column_List">
    id, card_name, user_id, activity_id, user_nickname, get_time, activity_name
  </sql>
  <select id="selectByPrimaryKey" parameterType="java.lang.Integer" resultMap="BaseResultMap">
    select
    <include refid="Base_Column_List" />
    from scratch_flow
    where id = #{id,jdbcType=INTEGER}
  </select>

  <select id="findByUserAndActivity" resultMap="BaseResultMap">
    select * from scratch_flow
    where user_id = #{user_id} and activity_id = #{activity_id}
  </select>

  <delete id="deleteByPrimaryKey" parameterType="java.lang.Integer">
    delete from scratch_flow
    where id = #{id,jdbcType=INTEGER}
  </delete>
  <insert id="insert" parameterType="com.cmb.model.ScratchFlow">
    insert into scratch_flow (id, card_name, user_id,
      activity_id, user_nickname, get_time,
      activity_name)
    values (#{id,jdbcType=INTEGER}, #{cardName,jdbcType=VARCHAR}, #{userId,jdbcType=INTEGER},
      #{activityId,jdbcType=INTEGER}, #{userNickname,jdbcType=VARCHAR}, #{getTime,jdbcType=TIMESTAMP},
      #{activityName,jdbcType=VARCHAR})
  </insert>
  <insert id="insertSelective" parameterType="com.cmb.model.ScratchFlow">
    insert into scratch_flow
    <trim prefix="(" suffix=")" suffixOverrides=",">
      <if test="id != null">
        id,
      </if>
      <if test="cardName != null">
        card_name,
      </if>
      <if test="userId != null">
        user_id,
      </if>
      <if test="activityId != null">
        activity_id,
      </if>
      <if test="userNickname != null">
        user_nickname,
      </if>
      <if test="getTime != null">
        get_time,
      </if>
      <if test="activityName != null">
        activity_name,
      </if>
    </trim>
    <trim prefix="values (" suffix=")" suffixOverrides=",">
      <if test="id != null">
        #{id,jdbcType=INTEGER},
      </if>
      <if test="cardName != null">
        #{cardName,jdbcType=VARCHAR},
      </if>
      <if test="userId != null">
        #{userId,jdbcType=INTEGER},
      </if>
      <if test="activityId != null">
        #{activityId,jdbcType=INTEGER},
      </if>
      <if test="userNickname != null">
        #{userNickname,jdbcType=VARCHAR},
      </if>
      <if test="getTime != null">
        #{getTime,jdbcType=TIMESTAMP},
      </if>
      <if test="activityName != null">
        #{activityName,jdbcType=VARCHAR},
      </if>
    </trim>
  </insert>
  <update id="updateByPrimaryKeySelective" parameterType="com.cmb.model.ScratchFlow">
    update scratch_flow
    <set>
      <if test="cardName != null">
        card_name = #{cardName,jdbcType=VARCHAR},
      </if>
      <if test="userId != null">
        user_id = #{userId,jdbcType=INTEGER},
      </if>
      <if test="activityId != null">
        activity_id = #{activityId,jdbcType=INTEGER},
      </if>
      <if test="userNickname != null">
        user_nickname = #{userNickname,jdbcType=VARCHAR},
      </if>
      <if test="getTime != null">
        get_time = #{getTime,jdbcType=TIMESTAMP},
      </if>
      <if test="activityName != null">
        activity_name = #{activityName,jdbcType=VARCHAR},
      </if>
    </set>
    where id = #{id,jdbcType=INTEGER}
  </update>
  <update id="updateByPrimaryKey" parameterType="com.cmb.model.ScratchFlow">
    update scratch_flow
    set card_name = #{cardName,jdbcType=VARCHAR},
      user_id = #{userId,jdbcType=INTEGER},
      activity_id = #{activityId,jdbcType=INTEGER},
      user_nickname = #{userNickname,jdbcType=VARCHAR},
      get_time = #{getTime,jdbcType=TIMESTAMP},
      activity_name = #{activityName,jdbcType=VARCHAR}
    where id = #{id,jdbcType=INTEGER}
  </update>
</mapper>
