<?xml version="1.0" encoding="UTF-8"?>
<!DOCTYPE mapper PUBLIC "-//mybatis.org//DTD Mapper 3.0//EN" "http://mybatis.org/dtd/mybatis-3-mapper.dtd">
<mapper namespace="com.cmb.dal.dao.UserTestMapper">
  <resultMap id="BaseResultMap" type="com.cmb.dal.entity.UserTest">
    <id column="id" jdbcType="INTEGER" property="id" />
    <result column="name" jdbcType="VARCHAR" property="name" />
    <result column="password" jdbcType="VARCHAR" property="password" />
    <result column="nickname" jdbcType="CHAR" property="nickname" />
    <result column="sex" jdbcType="CHAR" property="sex" />
    <result column="telephone" jdbcType="VARCHAR" property="telephone" />
    <result column="alive" jdbcType="INTEGER" property="alive" />
  </resultMap>
  <sql id="Base_Column_List">
    id, name, password, nickname, sex, telephone, alive
  </sql>
<!--  <select id="FindByKey" parameterType="java.lang.Integer" resultMap="BaseResultMap">-->
<!--    select -->
<!--    <include refid="Base_Column_List" />-->
<!--    from users_test-->
<!--    where id = #{id,jdbcType=INTEGER}-->
<!--  </select>-->
  <update id="deleteByKey" parameterType="java.lang.Integer">
    update users_test set alive = 0
    where id = #{id,jdbcType=INTEGER}
  </update>
  <insert id="insert" parameterType="com.cmb.dal.entity.UserTest">
    insert into users_test (name, password,
      nickname, sex, telephone)
    values (#{name,jdbcType=VARCHAR}, #{password,jdbcType=VARCHAR},
      #{nickname,jdbcType=CHAR}, #{sex,jdbcType=CHAR}, #{telephone,jdbcType=VARCHAR})
  </insert>
  <insert id="insertSelective" parameterType="com.cmb.dal.entity.UserTest">
    insert into users_test
    <trim prefix="(" suffix=")" suffixOverrides=",">
      <if test="name != null">
        name,
      </if>
      <if test="password != null">
        password,
      </if>
      <if test="nickname != null">
        nickname,
      </if>
      <if test="sex != null">
        sex,
      </if>
      <if test="telephone != null">
        telephone,
      </if>
    </trim>
    <trim prefix="values (" suffix=")" suffixOverrides=",">
      <if test="name != null">
        #{name,jdbcType=VARCHAR},
      </if>
      <if test="password != null">
        #{password,jdbcType=VARCHAR},
      </if>
      <if test="nickname != null">
        #{nickname,jdbcType=CHAR},
      </if>
      <if test="sex != null">
        #{sex,jdbcType=CHAR},
      </if>
      <if test="telephone != null">
        #{telephone,jdbcType=VARCHAR},
      </if>
    </trim>
  </insert>
  <update id="updateByPrimaryKeySelective" parameterType="com.cmb.dal.entity.UserTest">
    update users_test
    <set>
      <if test="password != null">
        password = #{password,jdbcType=VARCHAR},
      </if>
      <if test="nickname != null">
        nickname = #{nickname,jdbcType=CHAR},
      </if>
      <if test="sex != null">
        sex = #{sex,jdbcType=CHAR},
      </if>
      <if test="telephone != null">
        telephone = #{telephone,jdbcType=VARCHAR},
      </if>
    </set>
    where id = #{id,jdbcType=INTEGER}
  </update>
  <update id="updateUser" parameterType="com.cmb.dal.entity.UserTest">
    update users_test
    set password = #{password,jdbcType=VARCHAR},
      nickname = #{nickname,jdbcType=CHAR},
      sex = #{sex,jdbcType=CHAR},
      telephone = #{telephone,jdbcType=VARCHAR},
    where id = #{id,jdbcType=INTEGER}
  </update>
  <!--    更新用户密码-->
  <update id="editUserPassword" parameterType="com.cmb.dal.entity.UserTest">
    update users_test set password = #{password}
  </update>
  <!-- 根据用户id查询用户-->
  <select id="FindById" parameterType="java.lang.Integer" resultType="com.cmb.dal.entity.UserTest">
    select * from users_test where alive = 1 and id = #{id};
  </select>
<!--  查询列表-->
  <select id="getUserList" resultType="com.cmb.dal.entity.UserTest" resultMap="BaseResultMap">
    SELECT * FROM users_test where alive = 1
  </select>
  <!--用户名密码验证-->
  <select id="login" resultType="com.cmb.dal.entity.UserTest"  resultMap="BaseResultMap">
    SELECT * FROM users_test  Where binary alive = 1 and name = #{name} AND password = #{password}
  </select>
  <!--用户登录验证-->
  <select id="userLogin" resultType="com.cmb.dal.entity.UserTest"  resultMap="BaseResultMap">
    SELECT * FROM users_test  Where binary alive = 1 and name = #{name} AND password = #{password}
  </select>
  <!--    根据用户名查询用户-->
  <select id="FindByName" parameterType="java.lang.String" resultType="com.cmb.dal.entity.UserTest">
     SELECT * FROM users_test where alive = 1 and name = #{name};
  </select>
</mapper>
